{
  "id": "2738217",
  "name": "beem",
  "font_family": "iconfont",
  "css_prefix_text": "icon-",
  "description": "",
  "glyphs": [
    {
      "icon_id": "25819595",
      "name": "star_icon_drop",
      "font_class": "a-Messagechangwenbenzhankaizhengchangmoshi1",
      "unicode": "e66e",
      "unicode_decimal": 58990
    },
    {
      "icon_id": "25819524",
      "name": "star_icon_back",
      "font_class": "a-Messagechangwenbenzhankaizhengchangmoshi",
      "unicode": "e66d",
      "unicode_decimal": 58989
    },
    {
      "icon_id": "25809905",
      "name": "right_icon_unstar",
      "font_class": "favorites",
      "unicode": "e66c",
      "unicode_decimal": 58988
    },
    {
      "icon_id": "25809900",
      "name": "right_icon_star",
      "font_class": "star",
      "unicode": "e66b",
      "unicode_decimal": 58987
    },
    {
      "icon_id": "25809864",
      "name": "nav_icon_star",
      "font_class": "a-messageiconbeifen3",
      "unicode": "e66a",
      "unicode_decimal": 58986
    },
    {
      "icon_id": "25655255",
      "name": "meets_icon_id",
      "font_class": "a-3",
      "unicode": "e669",
      "unicode_decimal": 58985
    },
    {
      "icon_id": "25655251",
      "name": "meets_icon_time",
      "font_class": "a-2",
      "unicode": "e668",
      "unicode_decimal": 58984
    },
    {
      "icon_id": "25655247",
      "name": "meets_icon_topic",
      "font_class": "a-1",
      "unicode": "e667",
      "unicode_decimal": 58983
    },
    {
      "icon_id": "25652763",
      "name": "set_icon_theme",
      "font_class": "waibulianxiren",
      "unicode": "e661",
      "unicode_decimal": 58977
    },
    {
      "icon_id": "25562729",
      "name": "home_icon_unread arrow",
      "font_class": "a-beifen6",
      "unicode": "e666",
      "unicode_decimal": 58982
    },
    {
      "icon_id": "21413094",
      "name": "home_icon_add",
      "font_class": "home_icon_add",
      "unicode": "e618",
      "unicode_decimal": 58904
    },
    {
      "icon_id": "25150157",
      "name": "preview_icon_forward",
      "font_class": "a-juxingbeifen32",
      "unicode": "e665",
      "unicode_decimal": 58981
    },
    {
      "icon_id": "25111866",
      "name": "home_icon_arrow",
      "font_class": "a-liebiaojiantoubeifen172x",
      "unicode": "e664",
      "unicode_decimal": 58980
    },
    {
      "icon_id": "25111546",
      "name": "home_icon_edit",
      "font_class": "a-hightlightbeifen2",
      "unicode": "e663",
      "unicode_decimal": 58979
    },
    {
      "icon_id": "25100001",
      "name": "right_icon_addsticker",
      "font_class": "a-huifubeifen37",
      "unicode": "e662",
      "unicode_decimal": 58978
    },
    {
      "icon_id": "21435536",
      "name": "checkbox_icon_n",
      "font_class": "checkbox_icon_n",
      "unicode": "e634",
      "unicode_decimal": 58932
    },
    {
      "icon_id": "21435537",
      "name": "checkbox_icon_s",
      "font_class": "checkbox_icon_s",
      "unicode": "e635",
      "unicode_decimal": 58933
    },
    {
      "icon_id": "24759411",
      "name": "chat_icon_Function",
      "font_class": "dian",
      "unicode": "e660",
      "unicode_decimal": 58976
    },
    {
      "icon_id": "24759407",
      "name": "chat_icon_like",
      "font_class": "dianzan",
      "unicode": "e65f",
      "unicode_decimal": 58975
    },
    {
      "icon_id": "21433132",
      "name": "right_icon_copy",
      "font_class": "right_icon_copy",
      "unicode": "e629",
      "unicode_decimal": 58921
    },
    {
      "icon_id": "21433133",
      "name": "right_icon_foward",
      "font_class": "right_icon_foward",
      "unicode": "e62a",
      "unicode_decimal": 58922
    },
    {
      "icon_id": "21433134",
      "name": "right_icon_delete",
      "font_class": "right_icon_delete",
      "unicode": "e62b",
      "unicode_decimal": 58923
    },
    {
      "icon_id": "21433135",
      "name": "right_icon_recall",
      "font_class": "right_icon_recall",
      "unicode": "e62c",
      "unicode_decimal": 58924
    },
    {
      "icon_id": "21433136",
      "name": "right_icon_select",
      "font_class": "right_icon_select",
      "unicode": "e62d",
      "unicode_decimal": 58925
    },
    {
      "icon_id": "21433137",
      "name": "right_icon_reply",
      "font_class": "right_icon_reply",
      "unicode": "e62e",
      "unicode_decimal": 58926
    },
    {
      "icon_id": "21433138",
      "name": "right_icon_translator",
      "font_class": "right_icon_translator",
      "unicode": "e62f",
      "unicode_decimal": 58927
    },
    {
      "icon_id": "21434449",
      "name": "icon_close",
      "font_class": "icon_close",
      "unicode": "e633",
      "unicode_decimal": 58931
    },
    {
      "icon_id": "21410039",
      "name": " login_refresh",
      "font_class": "login_refresh1",
      "unicode": "e60d",
      "unicode_decimal": 58893
    },
    {
      "icon_id": "21444231",
      "name": "voice_icon_play",
      "font_class": "voice_icon_play",
      "unicode": "e64b",
      "unicode_decimal": 58955
    },
    {
      "icon_id": "21444232",
      "name": "voice_icon_stop",
      "font_class": "voice_icon_stop",
      "unicode": "e657",
      "unicode_decimal": 58967
    },
    {
      "icon_id": "21459738",
      "name": "icon_back",
      "font_class": "icon_back",
      "unicode": "e65d",
      "unicode_decimal": 58973
    },
    {
      "icon_id": "21459739",
      "name": "icon_go",
      "font_class": "icon_go",
      "unicode": "e65e",
      "unicode_decimal": 58974
    },
    {
      "icon_id": "21442634",
      "name": "preview_icon_change",
      "font_class": "preview_icon_change",
      "unicode": "e640",
      "unicode_decimal": 58944
    },
    {
      "icon_id": "21442637",
      "name": "preview_icon_save",
      "font_class": "preview_icon_save",
      "unicode": "e641",
      "unicode_decimal": 58945
    },
    {
      "icon_id": "21442710",
      "name": "preview_icon_direction",
      "font_class": "preview_icon_direction",
      "unicode": "e642",
      "unicode_decimal": 58946
    },
    {
      "icon_id": "21442892",
      "name": "preview_icon_beemdrive",
      "font_class": "preview_icon_beemdrive",
      "unicode": "e643",
      "unicode_decimal": 58947
    },
    {
      "icon_id": "21445000",
      "name": "namecard_icon_forward",
      "font_class": "namecard_icon_forward",
      "unicode": "e647",
      "unicode_decimal": 58951
    },
    {
      "icon_id": "21445002",
      "name": "namecard_icon_voice",
      "font_class": "namecard_icon_voice",
      "unicode": "e649",
      "unicode_decimal": 58953
    },
    {
      "icon_id": "21445003",
      "name": "namecard_icon_message",
      "font_class": "namecard_icon_message",
      "unicode": "e64a",
      "unicode_decimal": 58954
    },
    {
      "icon_id": "21428534",
      "name": "file_icon_preview",
      "font_class": "file_icon_preview",
      "unicode": "e624",
      "unicode_decimal": 58916
    },
    {
      "icon_id": "21428535",
      "name": "file_icon_reupload",
      "font_class": "file_icon_reupload",
      "unicode": "e625",
      "unicode_decimal": 58917
    },
    {
      "icon_id": "21428536",
      "name": "file_icon_cancel",
      "font_class": "file_icon_cancel",
      "unicode": "e626",
      "unicode_decimal": 58918
    },
    {
      "icon_id": "21428537",
      "name": "file_icon_download",
      "font_class": "file_icon_download",
      "unicode": "e627",
      "unicode_decimal": 58919
    },
    {
      "icon_id": "21428538",
      "name": "file_icon_document",
      "font_class": "file_icon_document",
      "unicode": "e628",
      "unicode_decimal": 58920
    },
    {
      "icon_id": "21458359",
      "name": "right_icon_clear",
      "font_class": "right_icon_clear",
      "unicode": "e64c",
      "unicode_decimal": 58956
    },
    {
      "icon_id": "21458360",
      "name": "right_icon_unmute",
      "font_class": "right_icon_unmute",
      "unicode": "e64d",
      "unicode_decimal": 58957
    },
    {
      "icon_id": "21458361",
      "name": "right_icon_mute",
      "font_class": "right_icon_mute",
      "unicode": "e64e",
      "unicode_decimal": 58958
    },
    {
      "icon_id": "21458362",
      "name": "right_icon_close",
      "font_class": "right_icon_close",
      "unicode": "e64f",
      "unicode_decimal": 58959
    },
    {
      "icon_id": "21458363",
      "name": "right_icon_pin",
      "font_class": "right_icon_pin",
      "unicode": "e650",
      "unicode_decimal": 58960
    },
    {
      "icon_id": "21458364",
      "name": "right_icon_unpin",
      "font_class": "right_icon_unpin",
      "unicode": "e651",
      "unicode_decimal": 58961
    },
    {
      "icon_id": "21410109",
      "name": " login_earth",
      "font_class": "login_earth",
      "unicode": "e60e",
      "unicode_decimal": 58894
    },
    {
      "icon_id": "21411319",
      "name": " login_arrow",
      "font_class": "login_arrow",
      "unicode": "e60f",
      "unicode_decimal": 58895
    },
    {
      "icon_id": "21411330",
      "name": "login_radio_normal",
      "font_class": "login_radio_normal",
      "unicode": "e611",
      "unicode_decimal": 58897
    },
    {
      "icon_id": "21411481",
      "name": "login_radio_selected",
      "font_class": "login_radio_selected",
      "unicode": "e612",
      "unicode_decimal": 58898
    },
    {
      "icon_id": "21433639",
      "name": "group_icon_add",
      "font_class": "group_icon_add",
      "unicode": "e631",
      "unicode_decimal": 58929
    },
    {
      "icon_id": "21433640",
      "name": "group_icon_dec",
      "font_class": "group_icon_dec",
      "unicode": "e632",
      "unicode_decimal": 58930
    },
    {
      "icon_id": "21438022",
      "name": "home_icon_top",
      "font_class": "home_icon_top",
      "unicode": "e637",
      "unicode_decimal": 58935
    },
    {
      "icon_id": "21438060",
      "name": "home_icon_bottom",
      "font_class": "home_icon_bottom",
      "unicode": "e638",
      "unicode_decimal": 58936
    },
    {
      "icon_id": "21439041",
      "name": "home_icon_stranger",
      "font_class": "home_icon_stranger",
      "unicode": "e639",
      "unicode_decimal": 58937
    },
    {
      "icon_id": "21459383",
      "name": "video_icon_play",
      "font_class": "video_icon_play",
      "unicode": "e652",
      "unicode_decimal": 58962
    },
    {
      "icon_id": "21459384",
      "name": "video_icon_novoice",
      "font_class": "video_icon_novoice",
      "unicode": "e653",
      "unicode_decimal": 58963
    },
    {
      "icon_id": "21459385",
      "name": "video_icon_stop",
      "font_class": "video_icon_stop",
      "unicode": "e654",
      "unicode_decimal": 58964
    },
    {
      "icon_id": "21459386",
      "name": "video_icon_voice",
      "font_class": "video_icon_voice",
      "unicode": "e656",
      "unicode_decimal": 58966
    },
    {
      "icon_id": "24432747",
      "name": "popup_icon_close",
      "font_class": "xingzhuangjiehe",
      "unicode": "e655",
      "unicode_decimal": 58965
    },
    {
      "icon_id": "21411958",
      "name": "nav_icon_message",
      "font_class": "nav_icon_message",
      "unicode": "e613",
      "unicode_decimal": 58899
    },
    {
      "icon_id": "21412048",
      "name": "nav_icon_contacts",
      "font_class": "nav_icon_contacts",
      "unicode": "e614",
      "unicode_decimal": 58900
    },
    {
      "icon_id": "21412092",
      "name": "nav_icon_meets",
      "font_class": "nav_icon_meets",
      "unicode": "e615",
      "unicode_decimal": 58901
    },
    {
      "icon_id": "21413092",
      "name": "home_icon_search",
      "font_class": "home_icon_search",
      "unicode": "e617",
      "unicode_decimal": 58903
    },
    {
      "icon_id": "21413609",
      "name": "home_icon_newgroup",
      "font_class": "home_icon_newgroup",
      "unicode": "e61a",
      "unicode_decimal": 58906
    },
    {
      "icon_id": "21414783",
      "name": "home_icon_more",
      "font_class": "home_icon_more",
      "unicode": "e61c",
      "unicode_decimal": 58908
    },
    {
      "icon_id": "21416173",
      "name": "home_icon_emoji",
      "font_class": "home_icon_emoji",
      "unicode": "e61d",
      "unicode_decimal": 58909
    },
    {
      "icon_id": "21416187",
      "name": "home_icon_at",
      "font_class": "home_icon_at",
      "unicode": "e61e",
      "unicode_decimal": 58910
    },
    {
      "icon_id": "21416199",
      "name": "home_icon_image",
      "font_class": "home_icon_image",
      "unicode": "e61f",
      "unicode_decimal": 58911
    },
    {
      "icon_id": "21427702",
      "name": "nav_icon_phone",
      "font_class": "nav_icon_phone",
      "unicode": "e623",
      "unicode_decimal": 58915
    },
    {
      "icon_id": "21442632",
      "name": "preview_icon_zoomout",
      "font_class": "preview_icon_zoomout",
      "unicode": "e63c",
      "unicode_decimal": 58940
    },
    {
      "icon_id": "21442633",
      "name": "preview_icon_zoom",
      "font_class": "preview_icon_zoom",
      "unicode": "e63d",
      "unicode_decimal": 58941
    },
    {
      "icon_id": "21444691",
      "name": "set_icon_account",
      "font_class": "set_icon_account",
      "unicode": "e644",
      "unicode_decimal": 58948
    },
    {
      "icon_id": "21444692",
      "name": "set_icon_privacy",
      "font_class": "set_icon_privacy",
      "unicode": "e645",
      "unicode_decimal": 58949
    },
    {
      "icon_id": "21444693",
      "name": "set_icon_about",
      "font_class": "set_icon_about",
      "unicode": "e646",
      "unicode_decimal": 58950
    },
    {
      "icon_id": "21445001",
      "name": "namecard_icon_video",
      "font_class": "namecard_icon_video",
      "unicode": "e648",
      "unicode_decimal": 58952
    },
    {
      "icon_id": "23505300",
      "name": "home_icon_voice",
      "font_class": "home_icon_voice",
      "unicode": "e658",
      "unicode_decimal": 58968
    },
    {
      "icon_id": "23505923",
      "name": "home_icon_setting",
      "font_class": "home_icon_setting",
      "unicode": "e659",
      "unicode_decimal": 58969
    },
    {
      "icon_id": "23507253",
      "name": "home_icon_file",
      "font_class": "home_icon_file1",
      "unicode": "e65a",
      "unicode_decimal": 58970
    },
    {
      "icon_id": "23507428",
      "name": "home_icon_namecard",
      "font_class": "home_icon_namecard1",
      "unicode": "e65b",
      "unicode_decimal": 58971
    },
    {
      "icon_id": "23514834",
      "name": "right_icon_download",
      "font_class": "right_icon_download",
      "unicode": "e65c",
      "unicode_decimal": 58972
    }
  ]
}
